{
    "episode": 0,
    "epsilon": 0.995,
    "avg_reward": -4373412.523809542,
    "avg_loss": 0.6691255133415832,
    "best_reward": -4373412.523809542
}